nombre,mesa,pases,token,url
Familia Ramírez,1,4,29577310,https://monucaapps.github.io/invitacion-demo/?pase=29577310
Familia López,1,2,1fb70dcc,https://monucaapps.github.io/invitacion-demo/?pase=1fb70dcc
Ana & Luis,1,2,e0719eef,https://monucaapps.github.io/invitacion-demo/?pase=e0719eef
Familia Torres,2,5,cbcd27e2,https://monucaapps.github.io/invitacion-demo/?pase=cbcd27e2
Diana Robles,2,1,fd3478cc,https://monucaapps.github.io/invitacion-demo/?pase=fd3478cc
Familia Vega,3,4,1cf7b96d,https://monucaapps.github.io/invitacion-demo/?pase=1cf7b96d
Lucía & Beto,3,2,189b8129,https://monucaapps.github.io/invitacion-demo/?pase=189b8129
Familia Reyes,4,3,f2a2cf34,https://monucaapps.github.io/invitacion-demo/?pase=f2a2cf34
Hugo Treviño,4,1,4eda2306,https://monucaapps.github.io/invitacion-demo/?pase=4eda2306
Familia Cano,5,4,66c47962,https://monucaapps.github.io/invitacion-demo/?pase=66c47962
Karla Villareal,5,2,9f56f6e1,https://monucaapps.github.io/invitacion-demo/?pase=9f56f6e1
Familia Nava,6,3,5f68376e,https://monucaapps.github.io/invitacion-demo/?pase=5f68376e
